id,question
0,What do I need to do after clicking the 'Sign Up' button?
0,Where can I find the 'Sign Up' button on your website?
0,Is there any specific information I need to provide during registration?
0,Can I create an account using my social media profiles?
0,What should I do if I encounter issues while registering?
1,What types of credit cards can I use for my order?
1,Can I pay with a debit card instead of a credit card?
1,Is PayPal an option for my online purchases?
1,Are there any other payment methods available besides credit and debit cards?
1,Do you accept international credit cards for online orders?
2,How do I log into my account to track my order?
2,What section do I need to navigate to in order to find my tracking information?
2,Is there an alternate way to track my order if I can't log in?
2,Will I receive tracking information automatically once my order ships?
2,Can I track my order without creating an account?
3,What conditions must be met to return a product for a full refund?
3,How long do I have to return a product after purchase?
3,Can I return a product if it is not in its original packaging?
3,Where can I find detailed instructions for returning products?
3,Is there a time limit for returning products purchased from your platform?
4,What should I do if I want to cancel my order before it ships?
4,Is there a specific way to contact customer support for order cancellation?
4,Can I cancel my order after it has been shipped?
4,What information do I need to provide when contacting customer support?
4,How quickly can I expect to receive assistance with my cancellation request?
5,What factors influence the shipping duration on your platform?
5,Can you explain the difference in shipping times between standard and express shipping?
5,"If I choose standard shipping, what is the expected delivery timeframe?"
5,How quickly can I receive my order with express shipping?
5,Are there any locations that may experience longer shipping times than the standard 3-5 business days?
6,Which specific countries do you ship to internationally?
6,How will I know the shipping costs for my location?
6,Is international shipping available for all products listed on your site?
6,Can I track my international order once it has shipped?
6,Are there any restrictions or additional fees for international shipping?
7,What steps should I take if my package is not delivered?
7,Who should I reach out to if my item arrives damaged?
7,How will you investigate the issue of a lost package?
7,What kind of resolutions can I expect if my package is damaged?
7,Is there a specific time frame to report a lost package?
8,What steps do I need to take to change my shipping address after placing an order?
8,How quickly do I need to contact customer support to update my shipping address?
8,Is it guaranteed that my shipping address can be changed if I contact support?
8,What happens if my order has already been shipped and I want to change my address?
8,Can I directly change my shipping address through my account settings after placing an order?
9,What is the phone number to reach customer support?
9,Which email address should I use to contact customer support?
9,During what hours is customer support available?
9,Can I get help with my inquiries by contacting customer support?
9,Is there a specific method to reach customer support for issues?
10,Is there an extra charge for the gift wrapping service?
10,When can I choose the gift wrapping option for my purchase?
10,Can I add gift wrapping to an order I already placed?
10,What are the details of the gift wrapping service offered?
10,How do I find the gift wrapping selection during checkout?
11,How do I provide details of the competitor's offer for price matching?
11,What types of products are eligible for your price matching policy?
11,Is there a time limit on when I can request a price match?
11,Can I get a price match for a product that is only available in-store at a competitor?
11,Will you notify me if my price match request is approved or denied?
12,Why can't I place an order over the phone?
12,What is the best way to place my order?
12,Is there any other way to order besides online?
12,Can I get assistance with my order if I'm unable to use the website?
12,What should I do if I have trouble placing my order online?
13,What measures do you use to secure my personal information?
13,How does your platform ensure the safety of my payment details?
13,Can you explain what industry-standard encryption means in your context?
13,What kind of security protocols do you follow to protect my data?
13,Is there a guarantee that my information will remain confidential while using your service?
14,What steps do I need to take to request a price adjustment if I find a product on sale after my purchase?
14,Is the one-time price adjustment applicable to all products I buy on your platform?
14,How can I easily reach your customer support team for the price adjustment request?
14,What information do I need to provide when I contact support for a price adjustment?
14,Are there any exceptions to the price adjustment policy within the 7-day window after my purchase?
15,What are the benefits of joining your loyalty program?
15,How can I earn points through purchases in your loyalty program?
15,Can you explain how to redeem the points I've earned?
15,Do I need to sign up for the loyalty program to start earning points?
15,Where can I find more information about your loyalty program on your website?
16,Is it possible to place an order without registering an account?
16,What are the advantages of creating an account on your platform?
16,Can I still order if I don’t want to create an account?
16,Will I be able to track my order if I check out as a guest?
16,How does having an account make future purchases easier?
17,What types of products qualify for bulk discounts?
17,How can I contact customer support for wholesale inquiries?
17,Is there a specific page for wholesale information?
17,Are there minimum order quantities for bulk purchases?
17,Can I receive a custom quote based on my requirements?
18,What should I do to change an item in my order?
18,How can I cancel an item from my order?
18,Is there a specific time frame for making changes to my order?
18,Who can I contact for assistance with my order modification?
18,Will there be any fees for changing or canceling my order?
19,Where do I find the 'Write a Review' button for a product?
19,What steps do I need to take to submit my product feedback?
19,Can I rate a product before writing a review?
19,Is there a specific area to share my experience on the product page?
19,Do I need to log in to leave a review for a product?
20,Can I apply more than one promo code when checking out on your platform?
20,What should I do if I have multiple promo codes for my order?
20,Is there a specific place to enter the promo code during checkout?
20,Will my discount apply automatically if I enter a promo code?
20,What happens if I forget to enter my promo code at checkout?
21,What steps should I follow after realizing I've received the wrong item in my order?
21,How can I contact customer support if I received the wrong item?
21,Will you send me the correct item once I report that I received the wrong one?
21,What happens to the wrong item after I report it to customer support?
21,Is there a time limit for contacting customer support about receiving the wrong item?
22,What expedited shipping options can I choose from at checkout?
22,How do I select an expedited shipping method when I place an order?
22,Is there an additional cost for choosing expedited shipping?
22,What is the estimated delivery time for expedited shipping?
22,Can I change my shipping method to expedited after placing an order?
23,Is there a way to get notified when an out-of-stock item is back in stock?
23,How do I sign up for product notifications for items that are unavailable?
23,What happens if I want to order something that's currently not available?
23,Will I receive an email when the product I want is restocked?
23,Is there any alternative to ordering an out-of-stock product?
24,What kind of updates can I expect in your email newsletter?
24,Are there any exclusive offers included in the newsletter?
24,How can I subscribe to the email newsletter?
24,Does the newsletter include tips about your products?
24,Will I receive updates on new product releases in the email newsletter?
25,What conditions must a product meet for a return if I changed my mind?
25,Is there a specific time frame for returning a product after I change my mind?
25,Do I need to include the original packaging when returning an item?
25,Where can I find the return policy to follow the instructions?
25,Are there any exceptions to returning a product if I simply changed my mind?
26,What are your business hours for live chat support?
26,How can I find the chat icon on your website?
26,Is live chat support available on weekends?
26,What types of issues can I address through live chat?
26,Can I access live chat support from my mobile device?
27,Is it possible to send a product directly to someone as a gift?
27,What steps do I need to follow to send a gift to another person?
27,Can I specify the shipping address for the gift during checkout?
27,Are there any specific options for wrapping the gift before shipping?
27,Will the recipient see the price of the product when it arrives?
28,What are the steps I should follow to verify the terms of my discount code?
28,"If my discount code fails after checking the terms, how can I reach customer support?"
28,Are there specific reasons why a discount code might not work?
28,Where can I find the terms and conditions for my discount code?
28,What information do I need to provide to customer support regarding my discount code issue?
29,What does it mean for an item to be a final sale?
29,Are all final sale items non-returnable?
29,How can I confirm if a specific final sale item is returnable?
29,What should I check in the product description regarding returns?
29,Who can I contact if I have questions about a final sale item's return eligibility?
30,Which specific products have installation services available?
30,How can I find out if a product includes installation services?
30,What should I do if I want to request installation for a product?
30,Is there a way to contact customer support regarding installation services?
30,Will the installation services be included in the product price?
31,What happens if I try to order a discontinued product?
31,Are discontinued products completely unavailable for purchase?
31,Can I find similar products if the one I want is discontinued?
31,Is it possible to restock discontinued items in the future?
31,Where can I find alternative options for discontinued products?
32,What is required to return a product?
32,Is it possible to return a product if I lost my receipt?
32,How can I find details about your return policy?
32,Who can I contact for help with a return without a receipt?
32,Are there any exceptions to the requirement of a receipt for returns?
33,What countries do you offer international shipping to?
33,How can I find out if my country is eligible for shipping?
33,Is there a way to confirm the shipping options before I complete my order?
33,"If I need help with international shipping, who should I contact?"
33,Are there any restrictions on items shipped to other countries?
34,How do I add a gift message when placing my order?
34,Is there a specific section for entering my gift message at checkout?
34,Can I personalize the message I include with my gift?
34,Will I see the option to add a gift message during the checkout process?
34,Are there any limitations on what I can write in my gift message?
35,Is it possible to see a live demonstration of the products before I buy them?
35,What resources are available if I can't request a product demonstration?
35,Where can I find detailed specifications for the products I’m interested in?
35,Are customer reviews accessible for all products on your website?
35,How can I make an informed decision without a product demonstration?
36,Is it possible to buy a 'coming soon' product right now?
36,What happens if I sign up for notifications regarding a 'coming soon' item?
36,When will I be able to purchase the product that is marked as 'coming soon'?
36,Can I reserve a 'coming soon' product before it becomes available?
36,How will I know when the 'coming soon' product is ready for purchase?
37,Is an invoice included automatically with my order?
37,What should I do if I need a separate invoice for my purchase?
37,How can I contact customer support to request an invoice?
37,What information do I need to provide to customer support for the invoice request?
37,Can I get an invoice after my order has already been placed?
38,What does it mean if a product is labeled as 'limited edition'?
38,How can I make sure I get a limited edition product before it sells out?
38,Is there a specific time frame for ordering limited edition items?
38,Are all limited edition products on your platform restricted in availability?
38,What happens if I wait too long to order a limited edition product?
39,Is it necessary to have the original packaging to return a product?
39,What should I do if I want to return an item without its packaging?
39,Who do I contact for help with a return that lacks the original packaging?
39,Does returning a product without its packaging affect the return process?
39,Are there any special instructions for returning items without their original packaging?
40,Is there a way to reserve an out-of-stock item until it becomes available?
40,How can I be notified when a product I want is back in stock?
40,Do you allow any form of pre-ordering for out-of-stock products?
40,What happens if I sign up for notifications and the product restocks?
40,Can I request a specific date for when an out-of-stock item should be reserved?
41,Is it possible to combine pre-order products with items that are currently in stock in the same order?
41,What happens to my order if I include both pre-order and in-stock items?
41,Will all items be shipped together if I order a pre-order item with in-stock items?
41,Can I receive my in-stock items sooner if I order them with a pre-order item?
41,Are there any additional fees for ordering pre-order items with in-stock products?
42,What should I do if my order arrives damaged?
42,Who should I contact about a damaged product during shipping?
42,Is there a specific process for returning a product that was damaged in transit?
42,Will you help with the replacement of a damaged item?
42,How quickly do I need to report a damaged product after receiving it?
43,How can I be notified when a specific out-of-stock product is available again?
43,Are there any guarantees that out-of-stock items will be restocked?
43,What should I do if I want a popular product that is currently unavailable?
43,Is there a way to request a restock for a product that I really want?
43,How does the product notification system work for items that are out of stock?
44,What does it mean when a product is labeled as 'backordered'?
44,Will I be charged immediately for items that are backordered?
44,How will I know when my backordered product is restocked?
44,Is there a specific time frame for backordered items to be fulfilled?
44,Can I cancel my order for a backordered product at any time?
45,Is it possible to return sale items for a refund?
45,How is the refund calculated for discounted products?
45,Are there any restrictions on returning sale items?
45,Can I get a full refund if I bought an item on sale?
45,What happens to the refund amount if I used a discount code?
46,What should I do if my product arrives damaged?
46,How can I get support for a damaged product?
46,Is there a specific process to follow for a repair or replacement?
46,Will your customer support assist me if my purchase is defective?
46,What steps do I need to take to request a product replacement?
47,"If an item is out of stock, can I still place a pre-order for it?"
47,What happens once I place a pre-order for an out-of-stock item?
47,Will I be charged immediately if I pre-order a product?
47,How will I know when my pre-ordered item has shipped?
47,Is there a time frame for when pre-ordered items will become available?
48,Is it possible to return a gift that I received?
48,What happens to the refund if I return a gift?
48,Will the refund go to my account if I return a gift?
48,Can I return a product if I don't have the original payment information?
48,Are there any special conditions for returning a gift purchase?
49,What options do I have if I want to buy something that is discontinued?
49,Is there a way to get a discontinued product?
49,Can you help me find alternatives to a discontinued item?
49,Why can't I purchase a product that is marked as discontinued?
49,Where can I look for similar products if my choice is discontinued?
50,What does it mean when a product is marked as 'sold out'?
50,Is there a way to get notified when a sold-out product is back in stock?
50,Can I still place an order for an item that is sold out?
50,How often should I check back for sold-out products?
50,Will you restock items that are currently sold out?
51,What happens to my gift card if I return an item I bought with it?
51,Will I receive a new gift card if I return a product purchased with a gift card?
51,Is it possible to get cash back for a return if I used a gift card?
51,Do I receive store credit when I return products bought with a gift card?
51,What type of refund can I expect for a return made with a gift card?
52,What should I do if the product I want is currently out of stock in my size?
52,Can I be notified when my desired size of a product becomes available?
52,How do I sign up for notifications for unavailable sizes?
52,Is there a chance the product will come back in stock in my size?
52,What does it mean if a product is temporarily out of stock?
53,Can I secure a 'coming soon' product by pre-ordering it?
53,What happens if I pre-order a product that is 'coming soon'?
53,Is it possible to place an order for items marked as 'coming soon'?
53,Do I need to pay upfront when pre-ordering a 'coming soon' product?
53,Will I receive a notification when my pre-ordered 'coming soon' item is available?
54,Is it possible to return an item bought using a discount code?
54,How will my refund be calculated if I return a discounted product?
54,What happens to the discount if I choose to return my purchase?
54,Can I expect a full refund when I return a product purchased on sale?
54,Are there any special conditions for returning items bought with promo codes?
55,Is it possible to create a custom order on your platform?
55,Do you accept requests for personalized products?
55,Can I have a product tailored to my specifications?
55,Are there options for customization on items for sale?
55,Where can I find the available products on your website?
56,What does it mean when a product is labeled as 'temporarily unavailable'?
56,Is there a timeframe for when temporarily unavailable products will be back in stock?
56,How can I be notified when a temporarily unavailable item is restocked?
56,Can I still order a 'temporarily unavailable' product now?
56,Where can I check the availability of a product that is currently out of stock?
57,What is your return policy for products that arrive damaged?
57,Are products damaged by improper use eligible for returns?
57,How do I contact customer support for assistance with a return?
57,What constitutes damage due to improper use?
57,Can I return a product if it was defective when I received it?
58,What should I do if a product is listed as 'coming soon' but I want it now?
58,Is there any way to reserve a 'coming soon' product before it is officially released?
58,How long will I have to wait for a 'coming soon' item to become available for purchase?
58,Can I be notified when a 'coming soon' product is officially released?
58,What does it mean when a product is 'coming soon' but not available for pre-order?
59,What does it mean when a product is listed as 'on hold'?
59,How can I find out when a 'on hold' product becomes available for purchase?
59,Is there a way to be notified when an 'on hold' item is back in stock?
59,Can I still place an order for an item that is temporarily unavailable?
59,"Will the status of a 'on hold' product change automatically, or do I need to check manually?"
60,What should I do if I lost my original receipt for a return?
60,Is it possible to return an item without any proof of purchase?
60,How can I contact customer support for help with my return?
60,Will I still be able to return a product if I don't have a receipt?
60,What information do I need to provide to customer support for a return without a receipt?
61,Will I have the chance to order a limited edition item once it's sold out?
61,Are there any exceptions for restocking limited edition products after they've sold out?
61,What happens to limited edition items when they run out of stock?
61,Can I reserve a limited edition product before it sells out?
61,What is the reasoning behind not restocking limited edition items?
62,What should I do if I find a 'discontinued' product still visible on your website?
62,Is it possible to place an order for a discontinued item listed on the site?
62,How can I verify if a discontinued product is actually available for purchase?
62,What steps should I take if I want to inquire about a visible discontinued product?
62,Who should I reach out to for clarification on discontinued products that are still shown online?
63,Are clearance items eligible for returns?
63,What is the return policy for final sale products?
63,Where can I find more information about returns for clearance items?
63,"If I buy a clearance item, can I get a refund?"
63,How do I contact customer support regarding a return?
64,What should I do if I can't find a product on your website?
64,Is there a chance that a product not listed is still available for purchase?
64,How can I contact customer support for assistance with missing products?
64,Are there any alternatives if the product I want is not listed?
64,Can I get more information about unavailable products from your customer support?
65,Can I still place an order for items that show as 'out of stock'?
65,What happens after I order a backordered product?
65,Will I be notified when my backordered item is available?
65,Is there a specific time frame for shipping backordered items?
65,Can I cancel my order for a backordered product if I change my mind?
66,What should I do if I want to return an item bought in a set?
66,Are there different return rules for bundled products?
66,How can I find the specific return policy for a bundle?
66,Is there a way to contact customer support for return questions?
66,Can I get a refund for just one item from a bundle I purchased?
67,How can I sign up for product notifications when an out-of-stock item is available again?
67,Will I receive an email if a product I want is restocked?
67,Is there a specific time frame for when out-of-stock items are usually restocked?
67,What happens if I miss the notification for a restocked product?
67,Are all out-of-stock items eligible for restocking notifications?
68,Is it possible to place an order for items listed as 'coming soon'?
68,What does it mean when a product is available for pre-order?
68,Can I secure a 'coming soon' item by pre-ordering it?
68,Are there any benefits to pre-ordering a product?
68,Will I be charged immediately for a pre-order?
69,What should I do if my product arrived damaged because of shipping issues?
69,How can I get assistance for returning a product that was mishandled during delivery?
69,Is there a specific time frame to report damage caused by shipping mishandling?
69,Will I be able to get a replacement if my item was damaged in transit?
69,Who should I contact for support regarding a damaged product received from shipping?
70,Is it possible to reserve an out-of-stock item until it's available?
70,What should I do if I want to know when an out-of-stock product is back in stock?
70,Can I get an alert when my desired out-of-stock product is restocked?
70,Does your platform allow reservations for items that are currently unavailable?
70,How can I be notified when an out-of-stock product is available again?
71,Is it possible to place an order for a 'pre-order' item that is available for backorder?
71,When will my backordered 'pre-order' product be shipped?
71,Do I need to pay for a 'pre-order' item listed for backorder right away?
71,Can I secure a 'pre-order' item by placing a backorder?
71,What does it mean for a product to be listed as 'pre-order' and available for backorder?
72,Can I get a refund for a product bought with store credit?
72,What form will my refund take if I return a store credit purchase?
72,Is it possible to return items bought using store credit?
72,Will I receive cash back for a return made with store credit?
72,Can I use the issued store credit for future transactions?
73,How can I sign up for product notifications for out-of-stock items?
73,What happens if a popular product I want is out of stock?
73,Is there a specific time frame for when out-of-stock items will be restocked?
73,Will I receive an email notification when the product I want is back in stock?
73,Are there any other ways to request restocking of specific products?
74,Can I still buy a sold-out item if I pre-order it?
74,What happens after I pre-order a sold-out product?
74,Will my pre-order guarantee that I get the item when it's available?
74,When will I receive my pre-ordered product?
74,Is there a limit on how many sold-out items I can pre-order?
75,Is it possible to return an item bought with a promotional gift card?
75,How will I get my refund if I return a product purchased with a promotional gift card?
75,What form will the refund take for items bought with a promotional gift card?
75,"If I return a product I bought with a promotional gift card, can I get cash back?"
75,Will I receive a new gift card as a refund for my return?
76,What should I do if my preferred color is out of stock for a product?
76,Is there a way to know when my desired color will be back in stock?
76,Can I request a specific color that is not currently available for a product?
76,What does it mean if a product is temporarily out of stock in my preferred color?
76,How can I sign up for notifications about the availability of my favorite color?
77,What should I do if I want a product that is marked as 'coming soon'?
77,Is it possible to purchase 'coming soon' items before the release date?
77,What happens if a product is 'coming soon' but I want it right away?
77,Can I set a reminder for when a 'coming soon' product is available?
77,Will the 'coming soon' product be restocked if I miss the release?
78,Is it possible to return an item bought during a promotion?
78,How is the refund calculated for a promotional purchase?
78,Are there any specific conditions for returning promotional items?
78,Will I get back the full price if I return a promotional product?
78,What happens if I return a discounted product from a promotional event?
